"X1","X2","X3","v1_mean","v2_mean","v3_mean","v4_mean"
31,67,182,607.4443,368.7684,79.5261,485.8688
31,75,266,981.5229,586.65415,124.9699,490.8032
31,114,146,796.49115,518.4621,105.0083,517.912
31,140,250,1658.991,1030.8355,305.1118,499.4
33,125,256,1648.785,1024.427,287.28965,485.9104
33,148,257,1917.433,1198.261,234.3208,492.8128
34,183,92,745.5188,539.21905,127.92385,451.936
34,267,193,2383.1125,1466.671,326.58355,528.3888
35,152,198,1379.755,875.8757,191.8921,530.9264
35,157,241,2043.22,1274.428,241.86385,518.8608
35,211,33,366.2603,338.24565,74.87405,519.4976
35,212,57,560.1896,456.31105,77.3642,496.8176
35,221,276,2918.2,1743.496,443.41405,470.4336
35,228,195,2027.57,1300.9165,276.11355,456.8848
35,246,191,2191.763,1373.7235,335.90895,465.6464
36,59,47,139.93555,115.78445,23.15135,834.0624
36,174,186,1520.396,971.83955,193.4665,524.704
37,125,111,678.40435,463.7843,138.86465,498.2336
37,246,259,3331.836,1937.2085,423.7663,525.7104
38,89,197,1056.5225,666.1417,121.58955,488.6592
38,116,217,1273.9875,792.83285,155.9532,496.352
38,240,139,1659.741,1104.668,202.64455,504.0656
39,107,157,872.08025,557.97455,147.8879,489.312
39,187,52,492.76155,425.19555,63.56375,503.4704
39,193,137,1557.4605,1046.817,216.8415,501.5712
39,280,248,3749.88801612903,2341.46979032258,448.312377419355,470.307664516129
40,61,56,191.41515,149.00315,49.61255,771.944
40,91,118,584.66775,387.31175,126.37435,487.8816
40,153,188,1750.9095,1125.5335,258.7593,501.6464
40,196,183,1963.017,1215.499,228.22745,507.672
40,255,167,2206.869,1446.7905,428.75885,472.7536
41,85,151,715.9941,452.08895,84.45405,495.3536
41,160,260,2595.492,1628.2005,349.89065,494.1936
41,271,142,2024.4115,1371.1475,515.01125,522.3104
42,174,294,2979.7005,1747.776,437.7174,467.4736
42,188,48,491.20825,432.30375,81.84025,449.4336
42,204,64,728.68725,591.24,83.7067,441.3904
43,211,66,774.8007,614.1712,140.51125,454.4672
43,257,193,2915.3305,1785.67,319.1083,482.7712
44,93,230,1470.1085,907.6239,136.45675,505.8288
44,107,68,423.36355,326.79555,81.51835,448.7616
44,150,195,1777.614,1082.553,189.35785,446.0656
44,211,37,443.3874,434.271,99.8222,456.9904
44,272,227,3800.16759090909,2265.86345454545,403.174895454545,491.333527272727
45,36,192,488.2912,263.5127,74.6852,437.7184
45,51,38,126.0621,110.02075,32.2373,769.7152
45,99,72,428.4884,329.59185,48.7311,443.8272
45,106,164,1210.407,777.39115,199.4789,491.0048
45,206,258,3234.266,2031.3795,328.1599,444.5104
45,211,65,797.40085,681.1643,86.57765,449.696
46,35,184,469.6244,252.25455,51.87725,502.5456
46,154,89,823.1118,597.1077,87.8924,501.5424
46,165,161,1681.3265,1047.898,171.87965,460.864
46,218,205,3163.1145,2006.41,435.01375,541.568
46,290,250,4858.48833333333,2739.46683333333,512.003308333333,488.212266666667
47,139,180,1797.1205,1162.0965,155.82725,491.3232
47,140,61,526.4002,422.4512,57.1497,525.0192
47,176,295,3395.57458333333,1993.9415,349.811858333333,462.633333333333
47,194,260,3720.85,2263.1495,499.30225,509.2352
47,218,187,2886.6615,1891.848,248.51205,517.3616
47,251,297,5624.48153125,3013.2260625,515.030196875,506.3695
47,275,114,1901.869,1324.8765,192.5245,521.7312
48,39,285,829.12075,436.9035,156.189,482.5632
48,91,215,1259.7055,781.5357,210.0477,519.2064
48,110,179,1271.6145,801.3641,213.86245,440.6928
48,269,107,1781.7955,1265.7375,176.6827,519.4416
48,284,70,1226.047,963.41545,192.4525,453.1248
48,292,187,3560.47463636364,2237.53681818182,366.436831818182,460.322472727273
49,53,37,141.25165,125.9549,33.03745,764.2368
49,141,269,2441.108,1527.558,315.40495,451.0032
49,147,214,2014.286,1288.9335,256.0278,450.8336
49,212,129,1736.1245,1184.831,283.8695,462.3056
49,233,181,3208.3175,2052.008,378.18365,507.0064
49,263,238,4489.23931707317,2688.22448780488,580.200858536585,484.564995121951
50,72,106,533.45625,352.9275,73.17385,483.768
50,86,44,296.14535,261.9695,38.9337,507.8944
50,86,102,591.1079,408.66085,137.4261,433.4992
50,146,144,1366.5115,909.36735,251.9707,445.4704
50,157,173,1781.0545,1159.129,237.32225,498.4544
50,284,100,1830.185,1313.412,361.6767,470.2368
51,79,71,387.91455,288.665,105.47795,497.3168
51,127,36,306.58955,262.6395,44.8428,488.4544
51,135,102,920.4096,647.627,123.76625,499.4352
51,206,185,2522.3625,1653.7945,418.46475,445.1984
52,92,257,1655.931,1017.1935,237.9395,444.2192
52,182,117,1432.052,999.2519,363.6018,454.808
52,183,278,3660.555,2157.103,489.4791,522.64
52,293,107,2087.629,1497.4555,361.0256,470.2096
53,131,180,1912.868,1237.6975,375.709,495.3312
53,201,201,2983.87616666667,1877.84266666667,415.36435,461.511733333333
53,287,156,3224.87211904762,2131.68778571429,478.685592857143,481.578438095238
54,271,81,1548.297,1148.1925,189.92095,505.3168
55,52,35,143.81005,134.206,42.3009,762.328
55,70,40,212.35455,189.6935,31.2729,853.2576
55,271,32,617.4626,528.7021,81.16975,458.3072
55,280,59,1167.788,964.0132,151.0377,513.4592
56,36,70,223.6407,144.3542,32.14445,850.04
56,232,65,1087.368,874.93405,156.2207,471.3312
56,232,275,5320.2945625,3051.22809375,702.4068875,464.5749
57,67,164,1004.842,629.4959,174.8407,487.7392
57,81,207,1283.158,798.92735,154.6865,499.9808
57,218,239,3976.1585,2449.0105,489.78565,535.9776
58,70,243,1548.241,948.2421,160.60725,523.0192
58,192,88,1276.649,933.9311,306.2309,505.5456
58,214,229,3921.415,2356.432,451.8496,460.4896
59,81,234,1512.908,922.6892,336.2172,487.4272
59,107,191,1600.67,1018.507,187.27865,452.9808
59,126,184,1804.308,1157.7095,387.81745,495.3984
59,151,155,1811.2685,1198.5925,310.67535,446.8864
59,163,76,1131.028,842.9456,155.3632,492.104
59,215,179,3423.5795,2252.3095,352.94225,505.0032
60,69,170,976.2975,601.75085,111.68905,486.16
60,148,201,2721.7395,1747.45,285.50515,527.9376
60,178,192,2770.892,1735.259,384.94235,504.2256
60,299,213,5990.21,3565.49,777.003916666667,461.874666666667
61,59,227,1151.2545,682.45305,157.66655,433.4688
61,101,231,1896.1145,1177.6725,301.6822,449.9248
61,148,47,563.23155,491.89635,67.7997,493.2192
61,220,270,5048.01927173913,2984.5815326087,592.857636956522,456.645286956522
62,84,287,2018.443,1224.127,221.19705,437.2048
62,160,78,1035.3365,757.5409,210.73975,511.0768
62,213,160,3232.2655,2119.481,408.40565,502.3776
62,229,95,2027.636,1470.2305,265.9186,506.4288
63,50,266,1415.6735,800.4671,203.0724,487.856
63,274,121,2837.117,1875.1075,347.65795,468.7376
63,286,274,7382.03133333333,4254.07891666667,820.433983333333,788.068266666667
64,53,122,591.41675,372.53215,65.98615,495.7984
64,78,96,756.3954,526.16375,74.2412,481.4848
64,102,203,1764.3285,1118.4495,256.8844,446.3616
64,180,123,1841.8085,1270.403,363.98025,465.0784
64,222,73,1341.445,1034.253,212.9479,457.208
64,259,64,1375.9365,1095.786,270.61955,801.0784
65,106,207,1951.469,1200.383,201.94525,435.1472
65,159,126,1975.014,1358.888,266.492,523.1232
65,300,192,5009.03983333333,3153.08466666667,561.78485,476.953866666667
66,113,280,2768.888,1699.474,297.90025,448.6736
66,205,297,5812.52413636364,3313.78163636364,611.262513636364,509.405381818182
66,247,55,1153.526,976.5315,160.36575,475.3152
67,36,222,843.8863,447.3307,132.56905,487.8912
67,125,236,2600.0205,1635.1285,268.62085,448.3056
67,146,115,1481.793,1013.268,216.61235,443.1952
67,260,81,1809.101,1371.4675,244.30135,461.3536
68,57,93,592.6465,398.8638,55.65955,482.9216
68,137,273,3967.41,2413.0025,364.55685,508.664
68,142,226,3336.9995,2106.919,402.8592,496.0912
68,148,201,2652.726,1698.5865,317.5679,452.1392
68,185,65,1066.033,842.4091,113.98895,516.8576
68,229,142,3326.08,2261.1685,483.7278,523.4896
69,138,73,914.4449,696.82995,133.62365,458.6896
69,178,38,705.41805,681.0136,124.9239,521.5712
69,197,128,2288.2805,1558.3605,314.60425,440.048
69,200,221,3951.9895,2549.72,456.18265,468.12
70,127,82,965.57435,706.8168,99.8645,503.4416
70,143,219,3376.752,2125.5045,291.2886,494.5872
70,179,202,3297.9965,2119.3235,334.4533,524.3392
71,118,201,2227.084,1413.9695,220.786,513.1552
71,138,36,538.20045,453.6269,111.0637,513.6768
71,145,246,3327.9395,2084.336,326.4655,441.264
71,161,84,1459.3105,1078.3095,136.45635,490.7376
71,170,279,4723.90115686274,2849.18798039216,483.808,466.019796078431
71,186,180,3386.26590909091,2174.83372727273,437.548722727273,496.536145454545
71,195,213,3996.758,2536.0565,406.5816,526.9168
71,217,180,4181.762,2755.8375,416.28575,516.4016
72,34,164,642.8441,348.25225,125.06045,495.9776
72,64,233,1483.342,896.9215,150.3797,439.2528
72,83,200,1874.7125,1169.648,190.87965,517.208
73,35,34,161.24195,120.6997,21.70175,870.8976
73,35,284,1159.9325,592.7162,189.0165,488.5216
73,46,300,1498.7455,829.26785,210.288,486.6704
73,98,145,1384.2435,909.3722,158.39575,455.104
73,115,259,3029.213,1789.1445,345.54595,451.7664
73,225,55,1172.2395,985.49295,147.8779,511.76
73,272,153,3914.01536363636,2652.06413636364,456.248054545455,464.135418181818
74,33,166,656.25905,351.95705,135.599,443.3024
74,147,189,3135.0175,2024.515,422.07215,496.0256
74,150,262,3880.221,2379.13491666667,501.721275,504.2384
74,205,173,4349.5805,2617.827,452.62595,518.6704
74,251,69,1921.692,1515.938,202.71325,527.4288
75,217,173,4308.3065,2805.409,500.04295,508.1024
76,90,185,1702.859,1076.891,273.63615,498.7376
76,125,71,1035.9945,791.14955,196.63725,490.2256
76,140,63,876.4579,697.236,110.07525,503.4272
76,267,174,4716.40797560976,3073.19391463415,608.518406097561,477.435941463415
77,279,125,4193.8935,2837.808,445.44315,511.0816
78,40,77,367.96065,239.4424,54.02055,429.4464
78,67,255,1835.913,1092.2205,209.11425,450.3888
78,126,65,842.0649,659.0778,139.6216,493.6208
79,130,169,2659.7555,1733.4815,299.5405,491.7376
79,202,52,1082.81,920.04415,246.4947,440.8048
80,120,66,843.9881,650.7975,100.3819,525.7184
80,200,149,3602.1475,2426.417,424.1935,498.4704
81,96,86,895.62075,646.8661,179.51785,487.296
81,270,163,4782.66486585366,3165.35047560976,598.925706097561,472.00476097561
82,56,75,495.2254,348.00775,56.8839,445.5344
82,122,261,3446.9495,2136.446,392.2956,521.496
82,160,231,3990.74795454545,2516.49136363636,467.720568181818,486.296436363636
82,193,68,1397.296,1095.1205,161.4946,454.0144
83,33,158,707.6609,378.26295,78.076,482.3504
83,60,129,1046.68,671.64615,100.15805,488.3936
83,96,288,3063.1575,1862.127,385.6869,436.3104
83,143,219,3412.5645,2183.6855,430.7384,445.016
83,234,82,2056.369,1549.149,290.3258,448.0416
83,263,297,11469.935,6115.81,1052.905,893.416
83,284,36,1266.8845,1086.828,126.4879,519.5072
83,284,176,5442.9636875,3599.09715625,630.7579375,503.5134
84,219,39,960.85805,918.67515,106.99905,508.1152
84,236,126,3756.331,2603.983,355.89145,502.2112
85,204,281,7044.43220652174,4041.06189130435,747.411143478261,800.313173913043
85,274,210,7156.4606875,4242.319625,853.781353125,809.41809375
85,293,206,7189.34702941177,4357.56907843137,786.336459803922,802.275547058824
86,99,288,3792.82,2340.189,348.064,492.4032
86,128,218,3215.22202380952,2022.56123809524,445.3964,463.48099047619
86,232,131,3382.17,2323.896,397.7138,512.8128
88,211,248,7162.9115,4413.781,681.5979,847.6416
88,235,34,905.94265,824.36255,147.9925,461.8736
89,99,141,1657.5315,1095.784,276.2294,449.6576
89,152,54,955.85805,800.8604,162.58505,455.1968
89,167,137,2814.986,1799.7835,369.93395,450.7648
89,168,38,861.3545,827.38485,81.4459,493.7584
90,134,162,2562.1645,1684.1795,355.0029,448.4208
90,147,186,3765.2965,2421.3255,375.304,496.7968
90,162,81,1789.2755,1348.2835,161.89855,491.3456
90,174,40,947.1552,893.25865,88.5106,493.2432
90,192,281,6663.56466304348,3989.16563043478,718.399170652174,805.388943478261
90,237,248,7248.26467073171,4417.61254878049,750.288181707317,787.763668292683
90,267,150,4778.29944565217,3170.06244565217,502.51375,467.315165217391
91,99,139,1675.0315,1109.266,170.77725,488.5904
91,185,68,1485.659,1167.1335,348.97685,512.6208
92,73,103,949.61895,646.7168,190.65995,488.6128
93,241,156,4536.10833333333,3031.13975,457.946975,474.42
94,81,58,605.5487,477.76535,112.02755,485.4048
94,231,107,3492.5925,2497.386,386.73875,506.3488
94,255,186,5954.50736363636,3775.15309090909,618.066327272727,794.700509090909
94,287,212,8817.8535,5550.0025,1849.64665,849.8544
94,297,155,6242.97436363636,4086.05263636364,693.104936363636,472.849309090909
95,43,96,587.8463,372.735,76.4675,444.0928
95,118,102,1567.937,1068.692,150.7607,500.096
95,159,41,805.09025,750.1542,141.45225,515.1008
96,173,172,3712.946,2437.377,446.6202,763.992
96,185,233,5424.0385,3425.005,527.28265,794.0096
96,246,184,5850.007625,3766.47784375,739.372703125,788.0818
97,41,59,356.5557,254.22985,64.06355,460.0384
97,137,110,2235.147,1563.8445,224.75695,513.632
97,211,298,8435.324,4932.0255,943.88955,770.6016
97,219,234,6618.6715,4105.431,760.2357,771.1328
97,222,182,5903.4205,3875.9305,633.8999,859.984
98,50,42,299.60155,251.4005,65.5029,440.8912
98,183,202,4701.5565,3035.928,509.1779,785.408
98,229,284,8737.985,5164.002,1049.15,838.0608
99,101,39,604.69615,563.7303,63.43195,489.2336
99,220,119,3349.4275,2384.0075,429.7234,456.6016
100,42,237,1757.3335,964.73035,206.84835,518.544
100,169,286,6559.82078431373,4011.29610784314,760.310141176471,801.386370588235
100,186,30,842.9415,719.9284,87.8053,520.0768
101,153,203,4672.97666666667,2993.23233333333,496.147616666667,500.215733333333
101,170,144,3204.15233333333,2162.92125,377.572733333333,453.8984
101,182,158,3879.98866666667,2599.70508333333,461.010608333333,520.171466666667
101,195,135,4003.6,2743.143,390.8376,509.3536
102,64,62,563.9695,430.9328,91.1878,497.1904
102,78,194,2099.3655,1309.8135,403.24945,443.1392
102,104,131,1849.825,1237.075,207.59925,439.4304
102,116,112,2039.8525,1413.392,290.1054,512.5424
102,229,250,8236.71516666667,4953.20575,933.873308333333,814.034666666667
102,289,276,11349.245,6603.6235,1293.397,835.344
103,78,71,776.37065,580.0694,160.6691,440.0032
103,169,213,4991.7265,3088.1365,600.31105,780.9552
103,258,277,11343.805,5994.991,1186.1085,773.6016
104,43,67,455.49625,311.42465,93.12,438.9664
104,67,194,1873.209,1140.765,304.18615,487.8592
104,70,232,2698.901,1632.1025,249.40545,511.7024
104,76,123,1323.7495,879.8795,145.6855,483.9376
104,112,293,4730.96203846154,2892.27590384615,519.514998076923,457.8824
104,286,90,4004.892,2983.747,383.7981,549.1408
105,32,165,906.5724,482.05115,171.40715,511.1632
105,156,257,5694.97007843137,3510.23712745098,684.038399019608,457.047341176471
105,229,196,7319.476,4619.734,700.01945,872.4432
105,278,95,4152.646,3054.554,457.2454,513.4896
106,44,260,1819.579,1001.19725,189.35365,440.2784
106,155,128,2793.7455,1882.904,303.88765,445.76
106,174,165,3964.795,2613.9895,488.24035,785.2672
106,253,187,6952.80323809524,4402.96735714286,726.830454761905,809.11110952381
107,76,218,2411.002,1477.896,427.2378,443.4304
107,144,79,1595.675,1202.1595,174.29665,519.7232
107,159,150,3600.979,2389.1865,356.2896,444.5072
108,281,55,2504.232,2116.2325,232.90095,506.5104
109,109,240,3782.36533333333,2363.94941666667,413.524433333333,451.009333333333
109,112,84,1582.9305,1163.1985,195.59305,492.4704
109,203,157,4497.8655,3014.5455,570.7004,778.8352
109,285,248,12079.275,7365.0745,1116.5595,879.8496
110,34,213,1281.4765,676.46265,187.57035,428.2128
110,125,247,5229.3905,3254.9985,477.60605,496.0784
110,284,264,12993.675,7953.4885,1180.1965,853.6816
110,286,192,8027.717,5090.2805,931.55315,799.2736
111,41,198,1530.199,888.87705,189.1737,483.928
111,45,251,2159.1035,1207.5995,186.5766,483.1776
111,99,32,468.80105,388.9027,100.8287,445.28
111,162,82,1926.8315,1440.6715,283.7437,453.9328
111,241,55,1904.906,1605.7975,308.92255,462.592
111,262,69,3008.663,2387.662,272.61985,501.5536
112,124,82,1499.9025,1114.71,156.76395,447.8208
112,183,204,6325.2,4079.3055,662.9209,906.0896
112,300,255,12706.54,7011.0565,1299.8185,778.8096
113,40,119,959.91445,572.9971,87.0209,484.6464
113,51,144,1185.2435,731.6583,199.31085,492.0512
113,84,79,1174.727,865.432,105.79185,489.1248
113,139,57,1174.1315,971.58815,123.4244,461.6144
114,63,33,333.08795,286.6492,37.9003,436.776
114,63,90,891.05175,621.02125,91.63725,439.3104
114,108,105,1716.7,1200.9755,174.7197,459.8704
114,203,164,4910.087,3272.1085,587.7206,790.848
114,205,33,1162.1415,1068.1405,106.48455,510.6752
115,71,174,1949.5095,1218.539,202.73225,439.9824
115,192,111,3181.668,2249.793,443.3069,450.0752
115,216,68,2544.489,2019.2395,317.4296,502.3328
116,90,128,1836.0025,1209.986,191.3872,435.8304
116,185,112,3631.946,2560.832,311.2078,496.4992
116,252,169,6878.52184375,4336.74696875,723.51278125,800.55741875
116,291,59,2561.5655,2129.2835,437.90645,465.2048
117,128,40,787.7813,735.9756,82.5876,502.7968
117,143,73,1601.5035,1238.348,285.53095,501.1392
117,144,194,5102.724,2873.8015,418.58385,785.6736
117,187,113,3238.5285,2255.299,428.43165,455.3136
117,204,144,4434.3695,3004.1095,628.7509,767.4336
117,269,249,10915.18,6546.0865,1076.4715,814.432
118,73,163,1918.7515,1218.176,204.11115,441.4896
118,127,243,4918.76225490196,3111.73874509804,507.965094117647,462.418070588235
118,153,172,4060.622,2649.382,394.79165,767.6464
119,75,134,1626.372,1064.917,157.6841,440.48
119,241,290,13577.42,7846.0255,1163.7325,892.8192
120,123,35,677.5288,681.23495,125.34755,459.2448
121,145,78,1790.216,1353.726,322.11835,465.4736
121,244,271,11461.51,6805.2895,1193.449,797.8176
121,284,272,12566.18,7611.5185,1409.469,894.936
122,142,33,871.48425,792.15765,126.86605,494.1248
122,154,35,869.737,836.4303,98.905,494.192
122,172,292,9732.7215,5775.5605,948.5597,903.392
123,137,34,874.306,785.40025,120.83465,494.8896
123,271,71,3047.30269047619,2404.12602380952,441.385852380952,476.089752380952
124,139,102,2308.7,1636.1975,305.41185,441.2752
124,275,160,7409.28408333333,4885.61566666667,826.434283333333,805.503466666667
125,86,266,3960.18525,2412.42583333333,445.865416666667,516.318666666667
125,109,183,3315.1945,2123.458,363.36475,460.208
126,118,141,3230.3105,2151.0135,298.116,504.5488
126,253,100,4114.842,3116.3335,442.1861,462.6864
126,289,174,9772.6685,6289.175,933.5862,910.3632
127,106,75,1337.379,1011.099,186.9659,450.2432
127,213,286,12191.96,7907.9555,1157.2605,850.168
127,227,179,7819.90733333333,4597.0435,754.465166666667,853.6672
127,251,214,9091.1275,5672.904,1015.0338,779.3872
128,44,110,924.558883333333,572.7444,292.889166666667,439.557066666667
128,88,124,2188.042,1464.763,250.7291,515.0528
128,93,33,532.5079,468.0293,77.32705,490.2688
128,243,38,1803.212,1721.807,168.9689,499.6704
128,281,293,17382.295,8614.487,1691.8935,900.7056
129,111,87,1654.8245,1206.6955,206.11515,445.9696
129,169,197,5607.9265,3612.994,597.42915,799.336
129,247,91,3741.8515,2765.673,392.5737,452.2624
130,31,205,1588.7655,815.50465,176.82015,503.2448
130,43,227,1907.933,1060.3785,192.72015,440.9888
130,78,136,1871.242,1224.919,341.29725,441.4864
130,81,146,2088.193,1355.6985,295.3566,495.368
130,184,185,5755.853,3755.9985,682.28935,771.1904
130,271,184,8376.617,5526.566,894.87175,797.6704
130,273,245,12842.815,7402.303,1317.744,797.5936
131,194,47,1550.522,1376.2365,270.93725,467.5152
132,175,194,5835.18,3773.2185,714.5248,792.4288
133,75,270,3622.0795,2197.4095,438.41275,448.16
133,85,251,3858.6275,2500.384,397.62275,435.6384
133,141,248,6101.32858333333,3844.80366666667,656.84395,766.820266666667
133,175,286,8939.603,5664.2725,990.37715,771.3152
133,219,67,2521.606,2019.812,265.7756,524.3424
134,232,190,7767.90903125,4992.74353125,814.673309375,778.9565
134,280,227,12160.355,7086.7465,1224.795,796.3552
135,44,220,2275.039,1277.46,224.8632,489.6608
135,205,53,2213.516,1883.9595,198.1411,501.92
136,62,156,1842.4775,1148.794,250.90695,435.2112
136,214,236,9360.0335,5876.084,976.83435,772.4256
136,262,108,4947.2635,3538.6345,506.8619,533.6032
136,291,269,15670.635,9296.002,1550.5645,856.6658
137,69,211,2747.3315,1673.757,316.46675,449.2768
137,182,101,3278.688,2348.3635,332.0582,521.1968
137,247,138,6097.8270625,4210.70815625,630.1552,788.94689375
137,260,253,14884.715,8598.0075,1335.7545,857.6256
137,284,89,4483.077,3322.553,456.9804,463.9584
138,103,149,2825.817,1861.054,373.15225,452.4304
138,132,143,3424.9475,2290.0615,363.3986,763.9568
138,144,163,4248.021,2785.99,529.53935,765.0256
139,38,291,2389.3335,1288.863,329.8878,440.5856
139,58,258,3417.353,2070.621,284.451,519.2848
139,79,131,1952.445,1288.9465,193.71705,446.2496
139,160,192,5749.2475,3603.5595,577.0833,804.3504
139,185,160,5437.8415,3546.939,553.1562,807.3456
140,60,300,3532.438,2079.8175,333.5021,448.2944
140,176,243,8073.7429375,5009.90765625,826.6638875,791.0755
140,237,291,14474.14,8036.2745,1389.5115,800.3968
141,196,158,5702.835,3789.0045,628.1214,793.9632
141,211,51,1965.9915,1703.343,265.51745,448.3136
142,67,112,1470.645,978.4841,186.85525,455.9456
142,81,251,4550.475,2790.954,457.1484,493.832
142,138,294,8120.477,4766.4455,968.94505,781.352
142,256,269,14567.42,8047.1885,1381.2835,794.2784
143,70,77,1054.873,769.04575,104.54935,498.9168
143,106,207,4168.4675,2630.551,398.88845,449.4768
144,37,158,1310.6325,733.9193,231.33145,489.6288
144,52,277,3482.7685,1997.166,278.66225,489.9024
144,160,275,8557.26966666667,5326.41083333333,834.412233333333,797.838133333333
144,163,300,9470.47,5738.2,944.0404,784.3634
144,172,58,1959.5685,1644.9145,242.4263,450.3248
145,39,66,668.2995,455.90585,64.18585,481.5312
145,76,147,2202.406,1424.54,298.35985,445.0768
145,199,123,4597.5085,3188.781,465.10775,846.6064
146,114,101,2229.681,1579.136,240.4384,447.1728
146,128,141,3474.8275,2409.256,373.6958,783.376
146,151,185,5385.349,3496.4365,633.25005,785.0464
146,180,125,4271.058,2966.8525,431.6696,809.3552
146,237,157,7178.9355,4736.4930625,782.17536875,800.7877875
146,273,179,9444.8985,6063.2485,1066.9625,806.8832
146,280,52,3190.05,2762.811,299.43515,523.4368
147,52,273,3504.909,2146.003,315.83935,504.1616
147,114,230,5944.537,3730.422,617.6052,842.2896
147,126,169,4130.52,2693.9305,539.5227,788.3488
147,199,99,3757.5155,2719.8085,403.8173,467.3984
147,274,31,1883.782,1610.143,244.1569,523.8576
148,186,277,12079.33,7333.2515,1131.8345,850.6576
148,283,177,9799.046,6328.2585,1062.514,908.3423
149,43,53,509.6773,380.63395,56.5342,491.4192
149,74,153,2300.996,1471.2725,242.9125,436.6288
149,75,217,3309.805,2034.38491666667,375.3228,446.1968
149,157,180,6403.7845,4169.47,673.84,850.6256
149,252,202,10510.365,6838.1575,1142.511,899.0624
149,269,80,4807.625,3649.017,450.16815,546.2352
149,275,82,4367.68802941176,3323.3413627451,505.371552941176,470.526431372549
149,275,114,6071.38261956522,4303.98263043478,665.151675,849.215858695652
150,297,110,6295.7675,4500.244,1731.62805,777.3936
151,44,195,1936.789,1106.3685,199.1282,487.48
151,65,68,924.87795,694.98745,145.97985,484.568
151,77,212,3907.6545,2402.8485,437.6478,520.0352
151,113,98,2291.388,1570.9765,234.03455,450.0784
151,233,65,2980.118,2378.8625,409.12225,480.5488
151,266,171,9109.87,5878.0185,983.21155,785.7824
152,34,91,878.31215,530.2167,82.53425,483.0368
152,96,204,3984.886,2526.46,408.8931,445.1296
152,176,275,9896.898,6097.007,1060.3865,789.1408
152,292,85,5118.67964285714,3860.04030952381,519.344083333333,463.360228571429
153,56,103,1252.2385,824.88395,220.35365,483.5376
153,102,219,4669.8791372549,2951.04944117647,531.539445098039,466.344784313725
153,119,142,3981.393,2666.721,413.9313,840.1968
153,265,35,2132.4835,2153.1625,195.97305,527.3872
154,63,144,1951.591,1230.245,197.1835,507.3776
154,99,153,3108.3035,2032.10466666667,346.156625,502.591466666667
154,247,202,12403.62,7484.922,2468.6185,863.6688
154,251,230,11941.01,8421.337,1388.1085,782.0208
154,275,56,3556.342,2998.966,407.0871,508.8016
155,94,184,4177.7725,2658.3255,406.14675,516.9536
155,126,145,3739.104,2482.698,471.4535,800.3648
155,229,279,13494.725,8116.1175,1432.2,846.808
156,265,274,16226.43,9929.4095,1696.169,801.6432
156,298,102,6087.9905,4513.3175,706.61455,459.576
157,108,200,4498.385,2860.223,564.0971,757.56
157,130,214,6694.7715,4379.958,607.19905,864.3488
157,292,243,15369.705,9446.665,1569.5985,813.1792
158,186,283,11112.87,7084.077,1143.373,771.9536
158,259,45,2376.2105,2264.57,278.4443,469.0992
158,264,232,14824.2,9822.937,1314.0175,898.48
158,294,65,3883.3955,3142.2425,397.63685,469.6448
159,84,270,4970.39798039216,3137.18143137255,518.574946078431,452.651545098039
159,101,192,4191.89,2596.06091666667,440.021691666667,444.146133333333
159,135,114,3235.637,2229.8365,329.2592,453.8048
159,157,130,4237.3205,2891.261,433.10505,876.736
159,177,259,11306.06,6952.307,1000.3345,850.2208
160,46,84,1061.108,706.66375,137.033,505.7056
160,155,83,2687.6715,2014.833,280.0305,464.1584
161,113,61,1707.067,1373.754,265.9529,514.4528
161,164,181,6245.8435,4122.1095,634.2178,768.192
161,239,126,6576.6425625,4402.82790625,889.34271875,800.3112875
161,244,187,9626.0975,6230.053,974.1987,777.32
162,109,104,2838.7045,1988.871,241.97685,493.1024
162,118,127,3213.087,2179.7555,318.83735,515.9392
162,131,270,7851.31951960784,4892.13817647059,767.109433333333,797.927498039216
162,243,52,2642.6395,2283.8565,333.3439,454.0016
163,67,251,3788.7005,2271.2315,384.96365,448.6256
163,89,128,2619.0705,1659.5185,410.60655,431.5728
163,97,33,702.86915,620.8796,73.44825,523.7104
163,104,180,4053.1475,2593.064,497.3704,799.8256
163,245,239,13258.59,8217.2005,1318.9105,811.4592
163,298,47,2933.5935,2635.656,296.74435,466.0864
164,41,108,1064.963,673.9572,185.80605,440.992
164,87,269,5213.91491176471,3262.29502941176,524.36027745098,445.664658823529
164,150,146,4716.2,3144.809,461.77865,805.5616
164,180,85,3263.361,2431.0675,376.8091,465.52
165,50,126,1453.5745,935.16665,145.11005,499.7712
165,62,201,3344.9605,2021.4215,302.58255,503.312
165,100,108,2764.638,1916.35,321.96775,522.0096
165,184,274,11493.51,6811.1755,1159.038,888.8864
165,214,170,8100.50892857143,5159.14088095238,854.611573809524,787.041595238095
165,282,210,15852.56,9507.4165,1359.823,855.4832
166,79,135,2359.473,1581.9,294.13675,447.1152
166,168,43,1817.713,1668.121,212.1768,499.0192
166,190,293,15221.485,9425.264,1334.9945,850.6848
167,43,269,2892.8265,1722.1705,267.4826,443.1136
167,108,249,6142.11475,3817.40741666667,765.399625,797.9872
168,33,176,1576.893,852.3014,150.8003,492.0176
168,42,222,2371.0455,1404.6485,333.34295,433.3184
168,51,288,4123.9865,2404.2,322.8985,523.728
168,258,294,20973.51,12514.06,1911.4545,865.016
168,274,82,4967.58533333333,3771.37920588235,483.133640196078,476.418101960784
168,274,171,12272.525,7877.383,1082.056,858.8448
169,127,284,8027.7335,5042.39,807.52615,787.1936
169,224,106,5286.73075,3711.31166666667,677.784583333333,806.014666666667
169,233,276,14921.385,9322.929,1507.057,800.2176
170,117,265,7297.63514130435,4652.08469565217,765.126458695652,808.085604347826
170,221,42,2040.366,1913.5345,219.99625,455.2208
170,227,42,2102.166,1949.7635,358.7944,460.7152
170,261,291,18937.885,11132.74,1960.9915,823.1776
171,59,289,4101.08,2456.1885,415.08225,457.0096
171,289,152,9655.4835,6548.5675,1068.267,786.368
172,37,131,1515.263,874.98575,139.2264,492.6432
172,175,226,8978.74863636364,5905.052,956.648136363636,798.545309090909
172,234,70,4244.0135,3340.827,422.5419,501.016
172,272,147,8857.1565,6014.1555,964.3142,821.176
172,284,285,21366.38,12435.845,2197.4375,806.36
173,31,132,1063.427,643.2027,117.0079,481.384
173,107,94,2311.0745,1649.9935,332.337,440.5424
173,135,232,7281.9401875,4682.1293125,765.668996875,776.7866
173,226,240,12371.365,8220.953,2428.4055,773.6096
173,265,113,6778.199125,4834.51994444444,713.375761111111,790.171688888889
173,288,163,12268.4,8196.814,1121.2275,851.944
174,141,88,3297.314,2416.4955,380.3315,495.9648
174,267,283,19457.36,11617.77,1970.6955,819.0128
175,105,76,1851.635,1395.6805,193.72115,448.2688
175,119,287,7912.3375,5431.9675,807.66955,766.4752
175,150,93,3244.766,2322.09290909091,410.24615,458.269818181818
175,201,153,8117.8385,5457.138,728.62265,904.4704
175,278,63,3949.8355,3275.525,410.952,477.296
175,281,158,12141.365,7805.2795,1101.2505,891.4
176,117,221,6035.176,3781.509,628.41615,876.4048
176,133,160,4924.8005,3222.7595,508.39815,785.9312
176,163,150,6539.049,4379.042,583.2723,847.568
176,237,70,3780.45,2966.7705,464.6031,477.0528
177,74,224,4648.6465,3045.306,456.9415,495.2208
177,87,61,1466.7615,1165.1655,132.79115,520.0864
177,151,183,6414.4095,4217.492,659.10225,890.52
177,189,107,4648.5985,3318.416,587.49535,785.6704
177,253,249,17658.29,11842.665,1588.297,852.6976
177,292,166,11683.555,7390.408,1231.468,809.3839
178,43,32,368.25865,272.62225,79.27485,438.4096
178,122,242,7069.02375,4653.59503125,722.262953125,795.55160625
178,182,178,7490.66,5072.89,770.0924,788.144
178,195,257,14478.56,8624.282,1291.3855,858.104
178,209,191,9569.584,6437.04266666667,997.7023,814.528533333333
178,218,237,12362.145,8092.158,1265.5615,772.5696
178,250,156,8962.746,6022.52,906.71355,777.9088
179,36,187,2208.6065,1201.732,194.72945,507.32
179,187,47,2383.4165,2119.276,213.57845,508.024
179,266,227,17653.705,10440.77,1545.4955,867.1842
180,31,52,506.83925,383.97015,50.7251,493.4416
180,92,71,1829.873,1396.701,250.55205,489.296
180,123,90,3064.87,2222.536,313.98655,492.648
180,268,202,12958.71,8174.442,1332.152,777.1872
180,269,151,9696.4035,6369.9705,999.0657,801.0816
180,289,93,6280.83305882353,4641.52734313726,695.031292156863,829.77187254902
181,32,137,1506.805,829.36955,125.52625,482.8
181,80,120,2352.718,1574.4965,351.19915,451.5584
181,171,97,3912.1235,2823.5875,396.4178,788.3664
181,206,235,11878.47,7815.614,1198.3275,781.64
181,282,42,2764.639,2580.475,428.92205,477.3808
181,284,258,19709.98,11936.46,1991.132,832.8368
182,47,257,3244.308,1979.6595,309.2382,509.0256
182,105,197,5012.3305,3167.9585,585.7682,789.3568
182,125,83,2490.404,1849.3515,271.1666,442.2688
182,144,286,11834.305,7989.176,1036.8345,880.6304
182,192,291,15816.515,10227.58,1390.267,919.2656
182,218,38,1968.3095,1890.217,200.30285,458.5936
183,132,143,4545.33,3065.319,455.70305,788.3648
183,134,94,3030.2335,2181.1455,354.67955,514.464
183,197,223,10733.49,6703.7485,1091.093,823.9408
184,31,199,2114.174,1130.649,174.75555,483.136
184,79,127,2918.3415,1931.968,246.9835,489.3376
184,90,216,5522.337,3492.7,472.4337,876.032
184,168,191,7809.30341666667,5019.27083333333,767.0456,780.449866666667
184,216,118,6097.6105,4245.625,641.6186,816.5472
184,224,138,7915.074625,5078.20934375,821.616509375,807.8653
185,160,220,8915.84004761905,5682.15533333333,949.062114285714,789.391180952381
185,263,43,2745.8175,2535.9225,449.3329,461.4608
185,280,181,14314.045,9269.4435,1240.0105,911.9264
186,46,106,1556.9205,984.62565,181.8224,494.7312
186,69,169,3478.7835,2177.681,314.16995,491.816
186,85,165,3524.795,2249.6725,402.68445,436.7136
186,103,263,6875.41097560976,4452.16713414634,681.888185365854,795.320497560976
186,165,143,5766.734,3857.4955,563.135,770.48
187,56,167,2485.49,1510.72,235.4443,511.9824
187,63,289,4901.92532692308,3094.23607692308,557.413742307692,449.789046153846
187,116,263,7772.71081818182,4865.28381818182,771.2133,764.126836363636
187,212,110,5657.2995,3996.954,574.4652,771.4592
188,191,277,13687.62,9065.52,1364.0045,893.5168
189,109,241,6737.29940909091,4337.113,644.366677272727,846.328709090909
189,235,154,9136.849,6168.57925,874.076791666667,802.381066666667
190,36,247,3103.8415,1766.488,299.4293,504.0528
190,90,73,1984.3175,1470.555,163.3861,486.0496
190,264,109,7245.13058536585,5068.1923902439,701.733715853659,810.213470731707
190,282,138,9506.7545,6509.9145,938.7679,906.6081
191,263,221,15454.045,9388.771,1488.2455,795.96
192,65,294,5088.2225,3553.46791666667,485.255508333333,461.864266666667
192,111,179,5898.828,3799.4125,487.967,891.832
192,126,73,2334.6885,1788.1865,332.95415,483.1216
192,148,75,2792.3755,2131.9195,361.2534,442.88
192,253,213,15455.5,9263.3435,1394.9315,782.9008
192,263,119,7968.16286363636,5542.93795454545,845.24245,804.754763636364
192,274,200,14292.985,8824.413,1344.0025,783.2944
193,30,33,274.98165,230.7932,37.47165,492.8208
193,44,297,3751.131,2221.609,372.8879,450.0224
193,84,224,4974.59650980392,3205.29549019608,495.792012745098,471.187952941176
193,280,279,22897.92,13528.465,2683.645,808.7008
194,75,183,3625.47,2351.964,387.4324,448.88
194,91,81,1913.535,1410.8065,201.4127,443.5552
194,211,296,16431.67,11228.01,1722.8575,796.112
194,246,245,16878.7,10033.785,1785.952,894.0784
194,264,45,2965.3005,2700.7755,313.203,463.2032
195,161,178,7306.98558333333,4760.16225,764.655558333333,791.025066666667
195,219,237,14807.895,8736.268,1495.0165,808.2112
197,70,93,1760.581,1227.558,266.0101,497.2608
197,85,140,3162.343,2076.6445,440.13495,447.0128
197,105,191,5258.648,3338.3915,536.91835,787.7792
197,123,139,5182.5815,3465.0175,591.1522,839.4608
197,271,293,24181.77,14979.1,2410.2555,788.9712
198,80,202,4488.65648387097,2869.61467741935,449.328219354839,449.518038709677
198,174,176,8264.83979166667,5238.29194444444,858.278395833333,789.278577777778
198,208,228,12527.69,7811.1605,1316.407,792.7568
198,276,260,19578.19,12223.685,2049.9025,815.3264
199,106,232,6526.57818181818,4284.22727272727,680.337481818182,782.684654545455
199,118,143,4439.113,2948.628,460.86915,881.176
199,300,291,27286.36,15493.02,2651.17,794.4192
200,121,189,7024.8305,4508.0945,615.6286,841.4304
200,153,260,11093.225,6779.3365,1105.858,768.6528
200,232,252,18540.18,11639.48,1696.638,902.1072
200,246,33,2107.0135,1934.835,218.4436,458.4336
200,262,293,27019.825,14787.34,2310.9305,817.8352
200,296,288,28560.69,17407.345,2598.939,889.9249
201,81,147,3773.25,2448.367,373.3518,504.3328
201,85,93,2493.3835,1764.076,311.47805,489.5456
201,95,160,4103.9553125,2698.24328125,442.91990625,444.7898
201,106,152,4311.17,2822.4255,435.73565,517.6704
201,159,68,3311.2705,2601.9755,453.5923,497.8224
201,295,235,20009.525,11822.55,2029.908,804.7472
202,201,72,4310.35025,3358.97233333333,417.433891666667,511.2632
202,273,206,15547.495,9693.3715,1594.1715,787.8976
203,49,35,513.01065,448.34125,96.1037,484.24
203,88,295,8083.21375,5412.89083333333,968.34545,765.033333333333
203,107,114,3859.618,2629.8685,408.3926,491.9728
203,113,175,5323.32,3435.477,533.41865,777.9648
203,114,248,7737.07440909091,5162.20368181818,811.558827272727,776.9856
203,164,84,3757.90958333333,2812.52691666667,397.015616666667,460.251466666667
204,154,86,3533.4755,2607.986,384.2666,454.024
204,207,44,2806.3475,2564.332,331.89765,519.9104
205,36,184,2141.1175,1167.3325,310.85935,471.544
205,53,159,2471.384,1541.798,355.106,439.2
205,187,300,15899.795,10187.77,1633.54,778.1936
205,239,275,19455.925,12044.225,1924.687,805.7888
206,150,70,3302.9205,2570.0445,285.99595,495.312
206,219,135,8958.10641666667,5460.40791666667,800.470558333333,773.346933333333
206,249,105,7004.00146774194,5031.86341935484,772.320453225806,791.964696774193
206,286,49,3728.5355,3350.49941666667,406.108783333333,474.604533333333
207,81,230,6109.5715,3968.752,526.19115,835.1472
207,138,232,8695.02216666667,5689.77083333333,1355.23579166667,783.685333333333
208,52,179,2805.90441666667,1663.27783333333,307.679083333333,434.952266666667
208,88,165,4155.08966666667,2698.42341666667,411.349291666667,444.209866666667
208,106,291,9949.2105,6566.8895,844.0444,838.4272
208,115,40,1264.17608333333,1176.97416666667,209.377833333333,439.822133333333
209,97,81,2553.948,1885.07,217.9737,492.6208
210,40,99,1459.0675,920.65325,177.66935,486.9024
210,43,203,2759.427,1675.485,308.78635,437.5968
210,61,169,3027.3815,1863.145,287.7282,457.4464
210,210,287,18695.455,12015.315,1739.8715,782.0112
210,268,229,17872.435,10847.035,1758.894,813.3328
211,117,264,8602.3285,6078.931,830.0868,766.8384
211,120,256,8903.8775,5800.5235,870.83315,794.9841
211,161,245,10875.46,7886.885,1071.373,789.176
211,182,110,5516.2605,3920.6935,603.6483,809.92
211,190,137,7633.56758333333,5020.72,724.190858333333,810.291466666667
211,254,228,16947.775,10856.415,1638.3585,797.7648
211,276,245,24043.175,14787.945,1999.763,861.9312
212,115,234,7811.02473076923,5088.53476923077,788.893442307692,795.270403846154
212,220,227,13920.51,9551.0545,1384.864,782.552
212,231,145,9182.56972727273,6263.91268181818,990.604172727273,986.667345454545
212,274,243,22886.815,15193.865,1979.3185,862.7744
212,285,233,19751.895,12376.965,1911.128,787.336
212,295,119,9572.2795,6736.888,1587.6759,895.7232
213,128,34,1232.84558333333,1092.56483333333,356.168275,439.724
213,229,50,3172.83458333333,2775.277,336.0346,450.193333333333
213,290,279,26437.13,15421.06,2474.0765,812.3648
214,43,284,4094.8885,2475.3085,356.4783,436.1616
214,70,277,5808.94933333333,3969.59578571429,539.24300952381,445.092038095238
214,89,263,6978.62702439024,4601.51546341463,658.410898780488,774.971165853659
214,113,130,4244.31725,2888.91033333333,422.905016666667,441.0888
214,123,294,11913.29,8553.828,1001.50465,839.3616
214,138,66,2564.7695,2022.423,249.76615,449.8304
214,193,182,10025.9198333333,6566.51916666667,1032.40404166667,788.142133333333
214,295,63,5228.84303658537,4276.81803658537,541.921206097561,465.385795121951
215,264,35,2988.3025,2960.3835,425.24355,510.592
215,278,217,19031.365,10985.985,1865.2545,817.7376
216,32,171,2234.0975,1232.872,174.3691,483.0672
216,38,37,472.2011,388.67775,68.49575,435.024
216,46,277,4072.881,2580.3635,365.3142,447.5792
216,89,157,4089.19866666667,2640.49625,432.36805,444.804
216,153,79,3981.544,3022.5275,355.58115,501.2288
216,181,32,1625.8185,1382.012,209.53485,446.3792
216,226,223,14667.79,9265.5535,1424.7,809.8576
216,260,54,3943.382,3381.7125,430.11925,454.208
217,192,91,4986.9375,3618.1675,486.30275,797.2112
217,216,294,19911.925,12743.34,1971.685,820.0224
217,292,60,5061.32755882353,4177.15604901961,512.534364705882,477.501739215686
218,201,276,16201.315,10872.795,1730.64,800.1152
219,57,118,2420.8945,1565.6365,331.4868,488.0224
219,205,207,12153.765,8509.2415,1255.8925,782.5216
219,221,206,15942.065,9799.9635,1444.0445,859.6784
221,113,32,1060.943,883.847,112.7474,522.6192
221,232,153,11828.37,7943.5455,1068.9575,849.9568
221,235,96,6454.60491666667,4691.68741666667,687.069866666667,791.975733333333
221,248,194,14205.815,9014.771,1470.0235,787.9504
221,290,70,6206.64272727273,4705.22831818182,600.588204545455,462.361309090909
221,294,134,11635.91,7796.1125,1190.017,784.4304
222,88,117,3171.626,2119.593,338.68815,447.3008
222,95,234,6615.56140909091,4383.21713636364,671.688904545455,786.683454545455
222,111,210,6889.57468181818,4583.71222727273,699.664690909091,788.120445454545
222,145,85,3595.525,2667.394,402.2959,463.216
222,146,251,10654.62,7549.1415,1112.367,791.0976
222,183,234,12357.34,8133.098,1272.268,777.9904
222,185,243,13312.845,9172.2075,1372.759,793.4288
223,40,93,1483.631,929.03845,213.67275,486.1888
223,43,272,3919.421,2399.3635,437.23145,441.8384
223,91,209,5686.1515,3743.557,568.0055,767.416
223,188,61,3327.431,2707.394,338.59625,444.3808
224,99,224,6832.18218181818,4810.76136363636,674.429190909091,780.285381818182
224,106,81,2542.1515,1899.5505,260.17475,447.6896
224,111,127,4881.884,3337.527,495.3665,504.136
224,245,229,17730.76,11289.19,1803.8235,804.392
225,137,119,5036.59115686275,3470.73943137255,494.09045,447.916047058824
225,156,92,4800.27758333333,3498.54858333333,448.363408333333,517.121866666667
225,276,230,20240.465,12591.985,2093.0665,808.3456
226,124,261,9645.4285,7152.964,978.0489,891.501
226,126,109,4660.37791666667,3255.0315,429.402883333333,490.464266666667
226,194,209,13856.395,9896.8735,1217.593,850.5504
226,230,41,3243.4125,3020.6195,285.2838,504.3456
227,166,76,3741.11691666667,2891.13275,405.955116666667,462.1408
227,240,214,18053.19,12055.68,1590.91,866.4481
227,276,193,18708.51,12091.75,1642.2945,873.9344
227,283,233,24630.815,15897.01,2909.55,802.9232
228,89,153,4854.0555,3197.468,458.0623,507.9728
228,214,68,4416.90466666667,3584.96175,449.185133333333,478.487466666667
228,230,80,5410.402,4143.24,640.7738,853.7888
229,51,199,3920.949,2406.973,397.501,496.168
229,201,47,2808.8915,2501.037,409.1177,450.936
229,252,173,13244.68,8997.0445,1357.457,900.6928
230,58,90,1678.261,1156.717,231.67905,487.1504
230,236,108,7627.35025,5421.61090625,895.118959375,794.3918
230,269,208,19700.965,13646.555,1710.845,865.2688
230,296,223,21114.435,14360.975,2098.8475,810.9552
231,81,186,4874.43404901961,3129.65768627451,470.609818627451,461.726274509804
231,117,227,8294.25366666667,5560.37858333333,843.6844,765.5488
233,88,112,3595.2075,2465.3415,302.891,520.5808
234,106,67,2574.657,2003.4505,293.1181,496.7376
235,153,52,2449.8375,2085.226,297.1292,447.3712
235,167,213,10952.685,7392.5005,1075.1305,793.376
235,203,164,10423.2341666667,7050.86733333333,1006.02248333333,819.361066666667
236,157,150,7266.13613636364,4907.37427272727,705.868013636364,765.223272727273
237,63,88,1824.292,1267.9165,280.2088,443.248
237,117,247,9265.5885,6368.422,904.6128,780.0096
237,135,44,1847.5665,1676.8835,246.4766,496.1152
237,158,70,3993.414,3126.664,445.64515,517.5904
237,194,169,10082.835,6816.4245,1000.8684,786.7552
237,244,253,21005.41,13511.375,2012.1015,780.1056
238,105,62,2052.9615,1635.597,237.05205,434.208
238,198,110,6780.56666666667,4910.34233333333,672.089916666667,800.685066666667
238,209,91,6088.63083333333,4474.21566666667,567.665666666667,782.616
238,235,110,7958.77821875,5650.67059375,834.965334375,790.6186
238,286,166,16979.785,11294.625,1444.4625,869.256
239,64,73,1802.5065,1320.4685,148.45365,483.872
239,193,135,8875.51353125,5563.1351875,836.432503125,805.26899375
239,221,201,15991.49,11121.78,1337.0835,859.7072
239,267,160,13272.525,8842.4865,1316.981,785.9168
239,275,53,5103.4455,4399.35225,434.188533333333,501.357333333333
240,75,75,2139.1575,1581.732,242.94095,485.4544
240,160,256,13269.25,9115.0605,1396.9465,803.5616
240,254,76,6435.80563636364,4761.04095454545,602.241995454545,849.1875
241,67,82,1887.245,1352.338,172.7797,440.4816
241,75,134,3299.43091666667,2157.8375,374.130183333333,448.6776
241,130,31,1283.4815,1070.3915,126.51865,446.9984
241,225,170,11911.85,8159.3105,1151.7095,795.944
242,115,294,11373.975,7981.504,1182.7815,787.6832
242,135,73,3152.942,2480.7685,325.61425,465.1872
242,203,234,15695.235,10573.715,1624.9935,789.3984
242,217,298,21895.24,15862.79,2325.6435,902.3872
243,34,65,1003.8985,661.0337,247.80095,482.5952
243,38,240,3563.982,2142.3885,345.21345,444.8192
243,45,30,493.9393,370.30925,67.8474,432.4416
243,193,241,17856.275,11592.13,1659.1985,850.8704
243,293,223,26592.98,15369.495,2321.9795,792.0224
244,32,137,1754.9755,958.04115,168.751,431.4032
244,99,292,9525.7355,6987.5195,970.3222,791.4656
244,250,122,9586.8475,6701.781,977.49575,773.4496
244,260,256,36517.38,16783.535,4016.4945,793.424
245,44,88,1414.8185,919.82425,167.38985,492.3824
245,117,263,11624.34,8291.3575,1059.63,838.0672
245,210,40,3109.5255,2942.026,349.55095,500.4752
246,69,126,2932.364,1921.412,291.59795,437.184
246,108,76,2680.925,2013.296,271.92635,514.9376
246,273,178,17923.235,13263.485,1611.9615,854.5152
247,32,259,3350.0355,1896.151,319.13285,446.136
247,37,151,2154.9805,1264.8275,279.28875,431.6544
247,189,293,18281.335,13678.265,2164.177,889.1824
248,130,211,10454.395,7141.64,905.04875,847.1536
248,141,114,5639.82928431373,3857.26354901961,547.038793137255,454.452392156863
248,172,288,16453.845,11580.345,1679.0175,797.8656
249,117,92,3549.33825,2564.437,379.803858333333,448.013333333333
249,141,68,3141.9655,2620.3105,414.3369,463.5856
250,287,114,12306.3,8677.8145,1079.1225,903.0672
251,36,31,515.3552,364.82205,49.11555,482.5072
251,40,261,4682.0975,3000.514,396.6957,515.7712
251,249,145,13608.235,9273.858,1171.3725,858.1552
252,88,248,7706.78057608696,5299.47794565217,727.042251086957,784.900906521739
252,93,218,7272.41415625,4658.9915625,734.525025,800.98149375
252,140,146,7207.00459375,4789.01240625,675.044571875,770.3586
252,207,255,20136.345,14778.15,1775.0465,852.9952
252,230,270,21883.11,15047.06,2265.15,779.92
252,231,181,13606.345,9795.2425,1362.9605,771.0944
253,124,114,4782.09236363636,3261.38036363636,471.801845454545,472.954327272727
253,140,265,12322.58,9345.658,1217.74,766.0656
253,216,232,19428.12,13767.02,1677.628,856.0592
254,34,294,4074.82372727273,2528.02290909091,425.389918181818,444.913890909091
254,36,177,2968.16,1687.338,272.2987,486.4384
254,42,167,2790.7725,1665.906,381.69185,436.152
254,52,84,1604.307,1085.1585,153.95635,432.3952
254,53,35,679.6154,641.47815,70.22675,508.9072
254,146,119,5891.42783333333,4152.84891666667,627.075291666667,787.190933333333
254,204,248,17292.47,12275.01,1747.647,798.2736
255,35,50,826.8346,597.16485,142.4091,482.8
255,46,164,2839.609,1752.6855,296.051,437.3248
255,51,78,1704.51,1189.6,218.85165,512.6704
255,159,227,12025.3,8807.6125,1179.3065,773.1904
255,202,297,21382.725,14775.835,2094.027,799.4352
255,216,266,19510.955,14586.2,1994.6615,779.3632
256,68,254,6397.823,4491.67354761905,634.408247619048,781.694552380952
256,90,217,6996.72357142857,4632.82823809524,750.706859523809,780.570823809524
256,148,123,6426.17316666667,4318.73075,605.328433333333,797.308016666667
256,175,174,10143.83,6991.3205,992.26975,791.6928
256,204,194,13649.745,9198.8125,1298.5835,815.3104
256,206,147,11698.445,8594.904,1055.94775,849.4912
256,213,77,6356.425,4868.5025,565.19285,872.2962
256,261,118,10162.915,7130.401,999.3832,823.3312
257,32,179,2330.029,1312.033,333.29635,487.128
257,113,90,3725.59263636364,2692.39309090909,491.591668181818,508.149381818182
257,123,153,6386.30131818182,4250.27527272727,755.548790909091,793.178063636364
257,141,291,14365.065,10158.445,1619.894,768.144
257,168,58,3808.312,3159.648,446.8008,507.1184
257,237,72,6431.68766666667,4687.86375,564.653516666667,810.7576
258,76,129,3462.8405,2351.5185,437.5747,456.92
258,132,234,10471.915,7644.642,2008.324,788.6448
258,164,166,10677.95,7291.129,901.7098,885.7696
258,223,75,6506.3765,5030.2185,547.90335,892.7536
258,223,211,16094.58,11558.3,1599.4845,796.2688
259,179,178,11132.045,7199.418,1101.173,787.2064
260,57,138,2891.1395,1818.731,269.19485,507.3792
260,110,276,12228.36,9063.7545,1014.275,843.6336
260,138,207,10398.13,6906.0855,994.7194,767.3168
260,142,211,10587.555,7107.369,980.26565,773.4752
260,151,226,13524.515,9543.182,1170.5215,852.1456
260,184,290,19330.785,13583.98,1904.928,789.5264
260,192,180,12070.43,8697.8675,1186.6385,797.2208
260,245,254,22267.675,14899.465,2180.3755,818.7728
260,266,275,33558.035,18534.09,2697.055,836.4272
261,54,54,1086.632,846.2826,105.27465,479.3792
261,285,271,31213.895,19690.99,2885.5385,804.144
262,33,191,2676.1275,1524.884,305.22705,431.7632
262,129,248,11015.775,8075.7055,1053.6185,888
262,182,45,2777.07641666667,2521.1635,312.412825,454.090666666667
262,223,41,3650.1975,3395.5305,308.8432,522.736
262,237,206,17689.285,11351.45,1723.2515,789.9488
263,239,211,20625.02,13528.025,1727.6705,857.2544
264,140,262,14805.185,11023.92,1276.0325,844.272
264,154,222,14409.965,9719.1265,1197.589,846.808
264,286,213,26535.945,16999.57,2165.9885,788.0304
265,55,179,3719.6905,2256.3785,375.2226,444.8672
265,154,141,7578.74516304348,5185.89885869565,741.810991304348,788.990643478261
265,264,252,24294.235,17425.04,2367.034,906.5088
266,115,90,4264.5615,3070.73,374.9726,527.6128
267,49,181,3460.202,2126.5385,365.1701,433.2752
267,252,110,9558.2985,6787.95,982.39145,894.1504
267,261,45,4051.55075,3688.29908333333,444.702883333333,456.462666666667
268,159,253,14094.205,10629.565,1480.3155,806.9008
268,162,56,3706.2775,3079.859,323.85465,498.4768
268,190,100,6657.02592307692,4820.67244230769,679.957259615385,825.629530769231
268,206,41,2960.14216666667,2751.59416666667,332.474391666667,458.693866666667
268,251,134,13528.07,9318.0405,1194.9365,880.7088
268,279,295,39663.995,23135.52,3327.827,814.4304
269,50,280,5472.64008333333,3819.54291666667,529.3417,460.097866666667
269,74,132,4182.5315,2733.787,360.5761,488.8656
269,119,192,8114.5075,5785.0095,814.15655,763.2448
271,140,100,4987.66709782609,3589.53573913043,522.577602173913,454.682052173913
271,289,294,35506.2,22993.38,3551.3855,790.6336
272,99,46,1648.85,1454.029,168.3734,453.6496
272,209,107,7995.36877272727,5674.43018181818,796.52225,787.747918181818
273,56,159,4017.341,2559.5835,424.16975,504.008
273,154,252,14092.37,10272.25,1417.4205,772.8032
273,164,189,11249.59,7977.484,1119.7145,791.4512
273,208,149,10983.725,7691.672,1090.124,808.9424
273,212,113,8754.36858333333,6144.97425,844.582675,803.5208
274,59,194,5141.197,3397.937,425.47565,486.9504
274,82,241,8544.538,6005.8755,1096.2531,837.7008
274,101,51,1883.934,1600.1025,198.7102,523.8032
274,166,163,12022.74,7455.285,1025.1165,911.5104
274,168,211,12661.16,9390.988,1251.0875,785.6544
275,65,222,5519.22795121951,3799.35434146341,545.428892682927,449.774204878049
275,210,188,14422.405,9595.9735,1579.535,813.0224
275,228,247,25849.06,16434.685,2189.305,778.7248
275,298,41,4367.00283333333,4127.22204761905,449.29525952381,470.546057142857
277,81,60,1815.7935,1443.2305,229.0136,448.0304
277,99,83,3123.656,2310.079,368.80205,511.08
277,140,159,8397.355,5877.65645454545,810.302904545455,810.015854545455
277,165,33,2293.6865,2091.001,198.9269,495.28
277,270,208,20528.005,14902.28,2048.512,803.3824
277,276,32,3375.81816666667,2768.16225,349.05445,464.201066666667
278,118,32,1390.53,1153.686,140.54355,525.6192
278,165,265,18519.87,13714.16,1602.674,914.8176
278,219,220,18034.835,12469.175,1785.012,798.5024
278,223,292,24889.145,18814.375,3237.9465,783.2256
280,46,270,5195.61786363636,3588.10809090909,487.814540909091,446.514909090909
280,227,292,25707.345,19108.565,2563.5515,798.7072
281,68,175,4667.2475,3027.466,447.18395,500.1104
281,148,53,2892.675,2448.712,437.32865,456.5184
281,198,46,3322.2765,2996.377,329.5245,464.2144
282,101,161,6354.02695454545,4354.47681818182,688.352590909091,468.5655
282,108,42,1701.123,1551.7735,236.0089,447.488
282,116,220,9530.127,6746.768,949.92685,885.6
282,120,107,4971.40306521739,3490.09683695652,525.656211956522,452.673669565217
282,239,171,15383.665,10559.945,1533.706,782.208
282,265,240,23600.53,17569.695,2373.7015,814.3424
283,117,292,14891.015,11537.56,1280.4635,840.3152
283,155,189,10835.935,7720.889,1422.115,796.7376
283,284,219,24947.385,17012.43,2402.9025,806.984
284,63,98,2438.148,1670.1875,345.5304,459.2352
284,253,117,12618.04,8881.5175,1120.0955,885.4879
284,276,229,24703.585,18373.21,3883.8965,1067.3968
284,290,272,29921.705,23331.43,2941.07,815.08
285,137,73,4373.1455,3351.7845,362.2227,497.4336
286,228,192,19034.845,13211.49,1701.439,860.256
286,263,117,11413.965,8323.442,1093.856,793.76
286,284,225,25784.395,17514.175,2476.1255,807.0896
287,75,44,1288.9385,1130.5445,125.8653,501.576
287,139,45,2354.545,2109.554,276.329,438.7904
287,142,151,8317.34183333333,5686.2765,816.877841666667,797.272533333333
287,153,178,10239.33,6997.478,1014.43655,800.9472
288,39,236,4108.0605,2622.02016666667,407.560616666667,443.721066666667
288,50,169,4117.906,2505.8685,404.62415,506.7152
288,108,269,11534.24,8799.003,1062.189,796.1424
288,147,186,12039.615,8489.253,990.231,848.6656
288,176,180,11844.325,8177.154,1125.6735,773.8464
288,221,144,11849.86,8313.3785,1145.0505,780.9344
288,226,111,9335.485,6620.2655,889.50815,782.4304
289,196,197,14494,10305.975,1388.784,803.6352
289,276,54,5581.9615,4750.434,532.3496,478.6544
290,61,117,2890.9925,1892.5365,284.6939,445.4736
290,82,246,8181.22808333333,5838.81,799.635766666667,781.279466666667
290,270,183,21933.245,15996.285,2062.416,791.0128
291,33,57,885.7704,601.79955,122.4387,439.5296
291,33,202,3139.8145,1948.654,292.81855,440.8592
291,51,255,5635.3035,3880.7595,536.063566666667,446.194933333333
291,75,149,4476.106,2964.256,442.14245,515.4464
291,140,299,15997.02,12717.885,1652.4865,780.6256
291,146,75,4183.457,3189.717,413.7243,456.8048
291,209,204,16037.275,11439.75,1624.881,798.248
291,251,35,3306.9355,3280.67941666667,454.453066666667,469.7624
291,270,179,18618.815,13383.475,1995.1865,792.12
292,36,90,1481.157,915.9968,152.38625,438.7008
292,155,89,5274.95321428571,3905.21916666667,547.981735714286,453.906438095238
293,60,72,1766.8355,1396.289,175.32085,512.1872
293,210,189,15163.575,10695.36,1541.4165,785.3712
294,34,241,3865.66641666667,2413.74166666667,389.187266666667,454.718933333333
294,57,233,5539.00363636364,3861.27972727273,528.860622727273,443.351854545455
294,97,35,1333.3905,1293.894,233.4261,437.6448
294,199,283,27386.895,18501.085,2356.844,782.4768
294,271,147,17606.85,12832.68,1537.1305,861.0976
295,72,68,1971.9525,1491.1335,200.49935,513.4752
295,171,54,4128.243,3514.121,405.79045,500.8512
295,204,56,4475.54633333333,3797.33558333333,453.784858333333,459.233066666667
296,37,169,2895.3585,1779.7645,352.5297,436.128
296,112,208,9173.2485,6516.6055,915.56005,785.096
296,299,41,4716.058,4415.6705,559.2335,469.2016
297,64,67,1772.548,1321.8885,189.10755,429.7584
297,193,249,19721.545,14521.27,1992.7875,783.384
297,262,259,30555.64,19702.645,2939.0315,786.9712
298,37,254,4873.13946875,3197.57578125,447.607578125,465.0601
298,75,137,4180.09213636364,2747.82372727273,416.650440909091,440.0064
298,118,61,2862.4805,2280.639,342.19605,445.7136
298,119,217,10175.785,7394.6805,1027.77345,782.2864
298,177,240,16479.69,12881.445,1655.964,799.5104
299,85,119,4644.99483333333,3159.28341666667,417.7495,507.956533333333
299,106,170,8346.294,5774.4705,1296.7155,840.8528
299,202,74,5856.23603125,4553.19615625,646.77784375,464.5941875
299,216,176,17133.57,12240.145,1518.2825,855.176
300,217,98,8248.901,5984.3875,817.6699,797.9634
